folds,fold 0,fold 1,fold 2,fold 3,fold 4,mean,std
best epoch,0.8159450137208599,0.5726828169747241,0.8550067441321234,0.5672988449765652,0.5906130526696266,~,~
best cindex,0.7445482866043613,0.5704225352112676,0.7392857142857143,0.571917808219178,0.6090909090909091,0.6470530506822861,0.07870304951961145
