folds,fold 0,fold 1,fold 2,fold 3,fold 4,mean,std
best epoch,0.7212095007340263,0.6310377341678998,0.46185858774398914,0.6147912227733628,0.8399257474508649,~,~
best cindex,0.6306306306306306,0.6521739130434783,0.49272727272727274,0.5458248472505092,0.720682302771855,0.608407793284749,0.0803909213652642
